{"stats":{"minecraft:custom":{"minecraft:jump":97,"minecraft:time_since_rest":1,"minecraft:damage_taken":1053,"minecraft:damage_dealt":105,"minecraft:leave_game":4,"minecraft:sprint_one_cm":10502,"minecraft:play_time":27491,"minecraft:walk_one_cm":15825,"minecraft:time_since_death":81,"minecraft:deaths":5,"minecraft:total_world_time":27491,"minecraft:fall_one_cm":2780,"minecraft:fly_one_cm":15285},"minecraft:used":{"tombstone:gift":2},"minecraft:mined":{"minecraft:grass":1,"minecraft:spruce_leaves":1},"minecraft:picked_up":{"minecraft:wheat_seeds":1},"minecraft:killed_by":{"minecraft:zombie":1,"minecraft:skeleton":3}},"DataVersion":3465}