{"stats":{"minecraft:killed_by":{"born_in_chaos_v1:nightmare_stalker":4,"born_in_chaos_v1:zombie_bruiser":1,"mowziesmobs:umvuthi":2,"mowziesmobs:umvuthana":1,"born_in_chaos_v1:scarlet_persecutor":1,"vampirism:hunter":2,"alexsmobs:rattlesnake":1,"iceandfire:fire_dragon":8,"minecraft:husk":1,"minecraft:player":1,"born_in_chaos_v1:zombie_lumberjack":1,"minecraft:warden":3,"minecraft:skeleton":10,"iceandfire:lightning_dragon":4,"alexsmobs:tarantula_hawk":1,"iceandfire:ghost":1,"mowziesmobs:umvuthana_raptor":1},"minecraft:crafted":{"minecraft:oak_planks":156,"better_weaponry:amethyst_scythe":1,"minecraft:iron_boots":2,"better_weaponry:amethyst_pickaxe":1,"minecraft:chest":1,"quark:azalea_planks":4,"quark:blossom_planks":4,"sophisticatedbackpacks:backpack":1,"better_weaponry:amethyst_spear":1,"minecraft:crafting_table":21,"minecraft:wooden_pickaxe":1,"minecraft:iron_helmet":2,"divine_weaponry:iron_glaive":1,"minecraft:iron_chestplate":1,"minecraft:shield":1,"minecraft:stick":36,"quark:oak_chest":3,"minecraft:iron_pickaxe":3,"minecraft:iron_ingot":35,"minecraft:stone_sword":1,"minecraft:gold_ingot":6,"better_weaponry:iron_spear":2,"minecraft:golden_chestplate":1,"comforts:sleeping_bag_white":1,"minecraft:furnace":2,"minecraft:stone_pickaxe":1,"minecraft:dark_oak_planks":8,"minecraft:wheat":189,"sophisticatedbackpacks:iron_backpack":1,"minecraft:iron_sword":1,"minecraft:bucket":1,"minecraft:stone_axe":1,"minecraft:jungle_planks":28,"minecraft:bread":65,"minecraft:air":0,"minecraft:oak_boat":3,"minecraft:wooden_axe":1,"better_weaponry:iron_machete":1,"minecraft:iron_leggings":1,"chococraft:chocobo_saddle":1,"minecraft:acacia_planks":4,"minecraft:torch":48},"minecraft:mined":{"minecraft:large_amethyst_bud":3,"epicpaladins:cryorium_ore":2,"minecraft:red_nether_bricks":3,"minecraft:granite":28,"minecraft:acacia_log":1,"minecraft:grass_block":6,"sophisticatedbackpacks:iron_backpack":1,"minecraft:jungle_log":60,"biomesoplenty:dried_salt":16,"minecraft:mud_bricks":1,"minecraft:spawner":11,"minecraft:sandstone_stairs":1,"minecraft:iron_ore":76,"born_in_chaos_v1:black_argillite_brick_slab":1,"minecraft:fire":8,"born_in_chaos_v1:black_argillite_brick_stairs":1,"vampirism:tent":1,"minecraft:dark_oak_stairs":1,"chococraft:gysahl_green":13,"iceandfire:gold_pile":5,"minecraft:iron_bars":2,"minecraft:light_gray_concrete":1,"minecraft:deepslate_brick_stairs":1,"minecraft:spruce_slab":1,"minecraft:tripwire":2,"minecraft:cut_sandstone":1,"minecraft:medium_amethyst_bud":2,"minecraft:amethyst_cluster":5,"minecraft:orange_terracotta":6,"minecraft:note_block":1,"minecraft:light_gray_terracotta":7,"minecraft:calcite":15,"quark:blossom_log":1,"minecraft:creeper_wall_head":1,"minecraft:cobblestone":5,"minecraft:cyan_bed":2,"minecraft:sugar_cane":15,"minecraft:oak_planks":1,"minecraft:wall_torch":2,"minecraft:amethyst_block":4,"minecraft:white_terracotta":4,"minecraft:blue_terracotta":1,"minecraft:grass":4,"minecraft:oak_log":38,"minecraft:dirt":22,"minecraft:sand":6,"minecraft:smooth_quartz":1,"minecraft:sandstone_wall":2,"minecraft:smooth_basalt":2,"minecraft:deepslate":43,"minecraft:dark_prismarine":6,"iceandfire:silver_ore":1,"minecraft:dark_oak_leaves":1,"minecraft:dark_oak_log":2,"biomesoplenty:desert_grass":1,"born_in_chaos_v1:infected_diamond_ore":2,"minecraft:jungle_planks":1,"minecraft:redstone_wire":2,"iceandfire:chared_dirt":1,"minecraft:sandstone":28,"biomesoplenty:dune_grass":1,"quark:jasper":13,"minecraft:hay_block":21,"minecraft:black_stained_glass_pane":1,"minecraft:furnace":3,"quark:orange_corundum":1,"minecraft:andesite":20,"minecraft:polished_deepslate":1,"minecraft:deepslate_iron_ore":1,"minecraft:vine":1,"minecraft:rail":1,"minecraft:stone":365,"minecraft:white_wool":3,"minecraft:observer":2,"biomesoplenty:black_sand":2,"vampirism:tent_main":1,"minecraft:smooth_sandstone":4,"minecraft:tall_grass":1,"immersive_weathering:soot":1,"minecraft:sculk_sensor":1,"immersive_weathering:jungle_leaf_pile":3,"minecraft:copper_ore":4,"born_in_chaos_v1:chipped_black_argillite_brick":2,"minecraft:lapis_ore":9,"minecraft:sculk":3,"minecraft:diorite":25,"minecraft:blue_bed":1,"supplementaries:urn":3,"iceandfire:ash":1,"minecraft:coal_ore":31,"minecraft:gravel":1,"minecraft:cyan_carpet":3,"minecraft:flower_pot":1,"minecraft:cobweb":1,"minecraft:brown_terracotta":11,"minecraft:terracotta":10,"minecraft:gold_ore":1},"minecraft:broken":{"mowziesmobs:umvuthana_mask_fear":1,"minecraft:golden_boots":1,"minecraft:iron_boots":1,"minecraft:iron_chestplate":1,"better_weaponry:amethyst_spear":1,"minecraft:wooden_axe":1,"better_weaponry:iron_spear":2,"minecraft:bow":1,"minecraft:iron_pickaxe":2,"minecraft:iron_helmet":1,"better_weaponry:amethyst_pickaxe":1},"minecraft:custom":{"minecraft:interact_with_crafting_table":56,"minecraft:open_barrel":25,"minecraft:eat_cake_slice":10,"minecraft:leave_game":8,"minecraft:time_since_death":6722,"minecraft:damage_resisted":92,"minecraft:sprint_one_cm":753595,"minecraft:damage_blocked_by_shield":435,"minecraft:drop":195,"minecraft:play_noteblock":1,"minecraft:play_time":326010,"minecraft:deaths":47,"tombstone:tomb_raiding":1,"minecraft:jump":4759,"minecraft:walk_on_water_one_cm":45040,"minecraft:interact_with_furnace":27,"minecraft:interact_with_cartography_table":1,"minecraft:sleep_in_bed":15,"tombstone:sneak_grave":2,"minecraft:damage_dealt":44913,"minecraft:player_kills":1,"tombstone:undead_killed":106,"minecraft:crouch_one_cm":17487,"minecraft:interact_with_smoker":2,"minecraft:inspect_dispenser":2,"minecraft:mob_kills":216,"minecraft:damage_dealt_resisted":468,"minecraft:climb_one_cm":25471,"minecraft:walk_one_cm":673770,"minecraft:damage_dealt_absorbed":80,"minecraft:sneak_time":7728,"minecraft:walk_under_water_one_cm":7787,"minecraft:boat_one_cm":140489,"minecraft:interact_with_lectern":1,"minecraft:total_world_time":326010,"tombstone:raider_killed":7,"minecraft:tune_noteblock":2,"vampirism:interact_with_garlic_diffuser":2,"minecraft:time_since_rest":3301,"minecraft:damage_taken":20514,"minecraft:damage_absorbed":241,"minecraft:trigger_trapped_chest":7,"minecraft:swim_one_cm":33743,"minecraft:fly_one_cm":1143511,"minecraft:open_chest":89,"minecraft:fall_one_cm":155541},"minecraft:dropped":{"minecraft:spruce_sign":2,"minecraft:iron_sword":1,"minecraft:dark_oak_stairs":1,"vampirism:armor_of_swiftness_legs_ultimate":1,"vampirism:human_heart":1,"vampirism:heart_seeker_enhanced":2,"iceandfire:chared_dirt":1,"minecraft:chest_minecart":1,"minecraft:rail":1,"minecraft:item_frame":1,"farmersdelight:rice":8,"minecraft:emerald":12,"sophisticatedbackpacks:gold_backpack":1,"minecraft:gold_block":1,"born_in_chaos_v1:monster_flesh":1,"minecraft:dirt":20,"minecraft:chain":1,"minecraft:gold_nugget":116,"minecraft:iron_pickaxe":1,"minecraft:gravel":1,"minecraft:sugar_cane":5,"mowziesmobs:umvuthana_mask_rage":2,"immersive_armors:divine_leggings":1,"alexsmobs:animal_dictionary":1,"minecraft:golden_chestplate":1,"minecraft:detector_rail":7,"minecraft:cobbled_deepslate":78,"vampirism:holy_water_bottle_normal":3,"minecraft:wheat":14,"minecraft:beetroot":8,"born_in_chaos_v1:ethereal_spirit":1,"vampirism:holy_water_bottle_enhanced":3,"minecraft:rotten_flesh":23,"vampirism:blood_bottle":2,"minecraft:carrot":1,"supplementaries:ash":1,"supplementaries:cartographers_quill":1,"minecraft:gunpowder":2,"minecraft:skeleton_skull":2,"born_in_chaos_v1:corpse_maggot":10,"farmersdelight:rope":44,"iceandfire:deathworm_chitin_white":4,"minecraft:spruce_slab":2,"quark:smithing_template_rune":1,"minecraft:iron_bars":2,"born_in_chaos_v1:marigolds":8,"mowziesmobs:umvuthana_mask_fury":1,"minecraft:lectern":1,"minecraft:bread":24,"minecraft:enchanted_book":2,"minecraft:iron_ingot":6,"biomesoplenty:dead_planks":1,"farmersdelight:skillet":2,"minecraft:oak_fence":3,"minecraft:cobblestone":278,"minecraft:lead":1,"minecraft:book":2,"minecraft:tropical_fish":1,"vampirism:amulet":2,"minecraft:stick":6,"biomesoplenty:orange_sand":11,"minecraft:deepslate_brick_stairs":2,"minecraft:diorite":21,"tombstone:magic_scroll":2,"chococraft:chocobo_drumstick_raw":1,"minecraft:melon_slice":11,"epicpaladins:cryorium_gem":4,"tombstone:grave_dust":16,"minecraft:brown_terracotta":12,"vampirism:ring":1,"quark:jasper":11,"minecraft:smooth_sandstone":1,"vampirism:garlic_bread":4,"minecraft:creeper_head":3,"minecraft:stone_sword":2,"minecraft:cobblestone_wall":2,"minecraft:dark_oak_sign":1,"minecraft:light_gray_terracotta":1,"minecraft:bowl":1,"vampirism:obi_belt":2,"vampirism:holy_water_bottle_ultimate":3,"minecraft:name_tag":1,"vampirism:heart_striker_enhanced":2,"minecraft:white_terracotta":4,"minecraft:red_terracotta":29,"minecraft:potato":1,"minecraft:flower_pot":4,"minecraft:orange_terracotta":26,"minecraft:oak_boat":2,"vampirism:crucifix_normal":1,"biomesoplenty:orange_sandstone":15,"minecraft:bow":1,"minecraft:red_sand":54,"divine_weaponry:wooden_battleaxe":1,"minecraft:wooden_pickaxe":1,"minecraft:brick":2},"minecraft:killed":{"vampirism:vampire":2,"born_in_chaos_v1:restless_spirit":1,"born_in_chaos_v1:skeleton_demoman":1,"minecraft:spider":5,"born_in_chaos_v1:scarlet_persecutor":1,"minecraft:skeleton":60,"alexsmobs:leafcutter_ant":1,"mowziesmobs:umvuthana_crane":9,"vampirism:advanced_hunter":1,"born_in_chaos_v1:firelight_not_despawn":2,"endermanoverhaul:badlands_enderman":3,"minecraft:magma_cube":2,"born_in_chaos_v1:diamond_termite":3,"born_in_chaos_v1:dread_hound_not_despawn":1,"vampirism:hunter":2,"minecraft:pillager":7,"minecraft:zombie":21,"born_in_chaos_v1:corpse_fly":5,"alexsmobs:fly":1,"mowziesmobs:umvuthana_raptor":1,"chococraft:chocobo":2,"minecraft:cow":3,"alexsmobs:rattlesnake":1,"born_in_chaos_v1:maggot":8,"iceandfire:deathworm":1,"mowziesmobs:umvuthana":37,"born_in_chaos_v1:fallen_chaos_knight":1,"born_in_chaos_v1:spirit_guide":1,"minecraft:husk":15,"born_in_chaos_v1:baby_skeleton":1,"minecraft:frog":5,"mowziesmobs:umvuthana_follower_raptor":4,"born_in_chaos_v1:decrepit_skeleton":1,"iceandfire:ghost":5,"born_in_chaos_v1:dark_vortex":1},"minecraft:picked_up":{"chococraft:loverly_gysahl_green":1,"quark:orange_corundum":1,"minecraft:creeper_head":4,"minecraft:flower_pot":2,"minecraft:lead":1,"minecraft:enchanted_book":1,"quark:azalea_log":1,"minecraft:amethyst_block":3,"vampirism:holy_water_bottle_normal":1,"minecraft:string":13,"minecraft:raw_copper":14,"minecraft:red_nether_bricks":3,"minecraft:iron_leggings":1,"vampirism:obi_belt":1,"minecraft:activator_rail":4,"minecraft:red_sand":54,"minecraft:gold_nugget":126,"minecraft:cobbled_deepslate":78,"comforts:sleeping_bag_white":4,"vampirism:garlic_bread":4,"minecraft:calcite":12,"minecraft:azalea":1,"minecraft:smooth_quartz":1,"minecraft:furnace":3,"minecraft:stick":13,"minecraft:brown_terracotta":23,"minecraft:oak_fence":3,"minecraft:torch":19,"minecraft:acacia_log":1,"quark:blossom_log":1,"minecraft:sandstone_wall":2,"vampirism:holy_water_bottle_enhanced":1,"tombstone:grave_dust":18,"minecraft:diorite":46,"vampirism:amulet":2,"minecraft:stone_sword":1,"vampirism:blood_bottle":2,"epicpaladins:cryorium_gem":4,"minecraft:rotten_flesh":93,"iceandfire:deathworm_chitin_yellow":2,"alexsmobs:emu_egg":4,"farmersdelight:rope":10,"minecraft:white_terracotta":8,"chococraft:chocobo_drumstick_raw":3,"supplementaries:ash":1,"minecraft:deepslate_brick_stairs":3,"minecraft:iron_bars":2,"minecraft:cobblestone":350,"minecraft:feather":30,"farmersdelight:rice":8,"minecraft:andesite":20,"biomesoplenty:dried_salt":16,"minecraft:jungle_log":7,"supplementaries:flax_seeds":1,"minecraft:lapis_lazuli":55,"minecraft:dirt":38,"minecraft:name_tag":1,"born_in_chaos_v1:monster_skin":1,"born_in_chaos_v1:marigolds":8,"minecraft:bone":49,"supplementaries:cartographers_quill":1,"minecraft:bow":2,"minecraft:wheat_seeds":9,"minecraft:dark_oak_sign":3,"minecraft:oak_planks":26,"vampirism:potion_table":1,"iceandfire:dragon_skull_fire":2,"minecraft:jungle_planks":1,"minecraft:sand":6,"vampirism:crucifix_normal":2,"minecraft:cyan_bed":2,"sophisticatedbackpacks:iron_backpack":1,"minecraft:dark_oak_log":2,"minecraft:chiseled_sandstone":1,"minecraft:red_terracotta":29,"alexsmobs:animal_dictionary":1,"minecraft:mossy_cobblestone":2,"minecraft:dark_prismarine":4,"quark:jasper":13,"divine_weaponry:wooden_battleaxe":1,"minecraft:light_gray_terracotta":7,"minecraft:blue_terracotta":3,"born_in_chaos_v1:fire_dust":1,"vampirism:oil_bottle":3,"minecraft:granite":28,"minecraft:golden_apple":1,"minecraft:bread":5,"alexsmobs:maggot":1,"minecraft:oak_sapling":8,"iceandfire:raw_silver":1,"born_in_chaos_v1:diamond_termite_shard":3,"minecraft:crafting_table":2,"minecraft:rabbit_stew":1,"minecraft:chest_minecart":1,"minecraft:gold_block":1,"vampirism:heart_striker_enhanced":2,"minecraft:chain":1,"minecraft:item_frame":2,"minecraft:cyan_carpet":3,"biomesoplenty:black_sand":8,"minecraft:detector_rail":4,"minecraft:beef":4,"minecraft:oak_boat":1,"born_in_chaos_v1:gnawed_bones":2,"minecraft:jungle_sapling":4,"minecraft:observer":2,"minecraft:iron_nugget":24,"minecraft:spruce_slab":3,"minecraft:sugar_cane":15,"quark:orange_corundum_cluster":1,"minecraft:raw_iron":71,"minecraft:sandstone":33,"iceandfire:dragonbone":12,"minecraft:spruce_fence":1,"minecraft:note_block":1,"immersive_armors:divine_leggings":1,"minecraft:cookie":1,"iceandfire:deathworm_chitin_white":4,"minecraft:carrot":7,"minecraft:redstone":3,"minecraft:dark_oak_planks":3,"minecraft:tnt":1,"minecraft:arrow":50,"minecraft:pumpkin_pie":2,"biomesoplenty:orange_sandstone":13,"iceandfire:chared_dirt":1,"minecraft:hay_block":21,"minecraft:sandstone_stairs":1,"mowziesmobs:umvuthana_mask_bliss":1,"minecraft:rail":1,"minecraft:skeleton_skull":2,"divine_weaponry:wooden_hammer":2,"minecraft:white_wool":3,"biomesoplenty:orange_sand":9,"biomesoplenty:black_sandstone":5,"born_in_chaos_v1:corpse_maggot":18,"mowziesmobs:umvuthana_mask_fury":1,"minecraft:lime_bed":3,"minecraft:mud_bricks":1,"born_in_chaos_v1:monster_flesh":1,"vampirism:item_tent":2,"minecraft:cut_sandstone":6,"minecraft:leather":6,"minecraft:oak_log":39,"minecraft:gunpowder":9,"minecraft:cobblestone_wall":2,"farmersdelight:skillet":2,"minecraft:blue_bed":1,"minecraft:orange_terracotta":34,"minecraft:cooked_mutton":1,"chococraft:chocobo_feather":2,"minecraft:smooth_sandstone":6,"vampirism:human_heart":1,"chococraft:gysahl_green":34,"minecraft:apple":1,"minecraft:stone_bricks":1,"mowziesmobs:umvuthana_mask_rage":2,"minecraft:iron_ingot":6,"minecraft:cooked_chicken":1,"tombstone:bag_of_seeds":2,"minecraft:dark_oak_stairs":2,"iceandfire:copper_nugget":2,"minecraft:smooth_basalt":2,"minecraft:sweet_berries":1,"iceandfire:ash":2,"born_in_chaos_v1:ethereal_spirit":3,"minecraft:gravel":1,"born_in_chaos_v1:dark_rod":2,"minecraft:amethyst_shard":12,"chococraft:gysahl_green_seeds":12,"minecraft:spider_eye":5,"immersive_armors:wooden_chestplate":1,"mowziesmobs:umvuthana_mask_fear":1,"minecraft:terracotta":9,"tombstone:magic_scroll":4,"minecraft:coal":31,"minecraft:ender_pearl":2},"minecraft:used":{"alexsmobs:emu_egg":4,"minecraft:blue_terracotta":1,"divine_weaponry:wooden_hammer":7,"minecraft:chest":1,"minecraft:shield":7,"minecraft:iron_sword":3,"minecraft:rotten_flesh":6,"minecraft:jungle_planks":14,"born_in_chaos_v1:corpse_maggot":2,"vampirism:item_tent":2,"iceandfire:crackled_gravel":3,"quark:orange_corundum_cluster":1,"minecraft:item_frame":1,"minecraft:rabbit_stew":1,"immersive_armors:wooden_chestplate":1,"minecraft:bow":5,"minecraft:furnace":5,"better_weaponry:iron_machete":84,"better_weaponry:amethyst_spear":21,"minecraft:diorite":5,"minecraft:stone_pickaxe":100,"minecraft:oak_planks":23,"minecraft:ender_pearl":1,"minecraft:wooden_pickaxe":12,"minecraft:sandstone":4,"minecraft:blue_bed":1,"minecraft:golden_apple":6,"minecraft:sand":1,"minecraft:mushroom_stew":4,"minecraft:light_gray_concrete":1,"minecraft:cyan_bed":2,"minecraft:bread":69,"quark:jasper":2,"tombstone:grave_key":12,"biomesoplenty:dried_salt":16,"minecraft:fire_charge":1,"iceandfire:dragon_skull_fire":1,"vampirism:potion_table":1,"minecraft:andesite":1,"chococraft:gysahl_green":2,"minecraft:oak_boat":3,"minecraft:experience_bottle":2,"minecraft:azalea":1,"sophisticatedbackpacks:iron_backpack":1,"minecraft:stone_sword":94,"minecraft:flint_and_steel":11,"born_in_chaos_v1:ethereal_spirit":1,"minecraft:cooked_chicken":3,"minecraft:torch":67,"minecraft:dirt":3,"minecraft:spyglass":50,"better_weaponry:iron_spear":494,"minecraft:diamond_helmet":1,"minecraft:golden_chestplate":2,"minecraft:wooden_axe":60,"minecraft:brown_terracotta":2,"minecraft:smooth_sandstone":2,"minecraft:iron_boots":1,"minecraft:smooth_quartz":1,"minecraft:mud_bricks":1,"minecraft:smooth_basalt":2,"minecraft:goat_horn":8,"better_weaponry:amethyst_scythe":14,"tombstone:gift":8,"comforts:sleeping_bag_white":4,"minecraft:cooked_beef":1,"minecraft:observer":2,"minecraft:orange_terracotta":1,"minecraft:calcite":10,"minecraft:water_bucket":18,"minecraft:amethyst_block":3,"better_weaponry:amethyst_pickaxe":21,"minecraft:red_nether_bricks":3,"minecraft:mossy_cobblestone":2,"minecraft:terracotta":5,"minecraft:lime_bed":3,"minecraft:crafting_table":23,"minecraft:tnt":1,"supplementaries:bomb":2,"minecraft:cake":1,"minecraft:dark_prismarine":2,"minecraft:map":1,"minecraft:iron_pickaxe":656,"tombstone:magic_scroll":2,"iceandfire:ash":2,"minecraft:stone_axe":46,"minecraft:enchanted_book":1,"minecraft:cobblestone":78,"minecraft:cooked_porkchop":1,"divine_weaponry:iron_glaive":85,"minecraft:bucket":19,"minecraft:pumpkin_pie":15,"quark:oak_chest":2,"alexsmobs:animal_dictionary":2}},"DataVersion":3465}