{"stats":{"minecraft:killed_by":{"minecraft:husk":1,"born_in_chaos_v1:nightmare_stalker":1,"minecraft:creeper":1,"born_in_chaos_v1:bonescaller":1,"alexsmobs:tarantula_hawk":1,"iceandfire:ghost":2,"iceandfire:fire_dragon":1},"minecraft:mined":{"minecraft:dark_oak_planks":4,"immersive_weathering:acacia_leaf_pile":1,"minecraft:cave_vines_plant":4,"minecraft:infested_cobblestone":1,"minecraft:jungle_log":5,"minecraft:sandstone":20,"minecraft:sandstone_stairs":2,"minecraft:hay_block":19,"minecraft:furnace":1,"minecraft:iron_ore":1,"chococraft:gysahl_green":17,"iceandfire:gold_pile":2,"minecraft:cave_vines":2,"minecraft:vine":2,"minecraft:cut_sandstone":6,"minecraft:orange_terracotta":2,"minecraft:smooth_sandstone":1,"minecraft:crafting_table":7,"minecraft:campfire":2,"minecraft:creeper_wall_head":1,"minecraft:cobblestone":17,"farmersdelight:wild_tomatoes":1,"minecraft:cyan_bed":1,"minecraft:smooth_sandstone_slab":1,"minecraft:skeleton_skull":1,"minecraft:red_terracotta":1,"minecraft:coarse_dirt":1,"minecraft:blue_terracotta":1,"minecraft:creeper_head":1,"minecraft:spruce_log":2,"minecraft:tnt":10,"minecraft:wither_rose":1,"minecraft:grass":2,"quark:birch_chest":1,"minecraft:oak_log":6,"minecraft:coal_ore":2,"minecraft:fern":3},"minecraft:dropped":{"minecraft:enchanted_book":1,"minecraft:crafting_table":1,"minecraft:sandstone_stairs":1,"biomesoplenty:black_sand":1,"chococraft:gysahl_green_seeds":16,"minecraft:coal":2,"minecraft:stick":1,"iceandfire:deathworm_chitin_red":3,"minecraft:wooden_axe":2,"tombstone:grave_dust":2,"vampirism:garlic_bread":4,"iceandfire:dragonbone":2,"minecraft:bone":70,"minecraft:wheat":36,"minecraft:rotten_flesh":2,"minecraft:oak_planks":1,"vampirism:blood_bottle":1,"supplementaries:ash":1,"minecraft:mud_bricks":4,"minecraft:gunpowder":2,"minecraft:skeleton_skull":1,"born_in_chaos_v1:corpse_maggot":1,"minecraft:oak_boat":1,"minecraft:spruce_log":2,"minecraft:sandstone":2,"minecraft:wooden_pickaxe":1,"farmersdelight:tomato_seeds":1},"minecraft:picked_up":{"minecraft:wooden_axe":1,"minecraft:coarse_dirt":1,"minecraft:charcoal":4,"chococraft:loverly_gysahl_green":2,"minecraft:crafting_table":7,"minecraft:wheat":8,"minecraft:creeper_head":2,"minecraft:lead":2,"minecraft:wither_rose":1,"minecraft:enchanted_book":1,"minecraft:red_sand":16,"minecraft:gold_nugget":26,"biomesoplenty:black_sand":3,"vampirism:garlic_bread":2,"minecraft:oak_boat":3,"minecraft:melon_slice":1,"iceandfire:dragonbone":2,"minecraft:raw_iron":1,"minecraft:stick":5,"minecraft:sandstone":18,"iceandfire:deathworm_chitin_red":3,"farmersdelight:tomato_seeds":1,"quark:birch_chest":1,"tombstone:grave_dust":1,"minecraft:dark_oak_planks":3,"minecraft:smooth_sandstone_slab":1,"minecraft:tnt":8,"minecraft:arrow":1,"minecraft:rotten_flesh":5,"minecraft:hay_block":23,"minecraft:sandstone_stairs":1,"alexsmobs:emu_egg":2,"minecraft:glow_berries":6,"biomesoplenty:orange_sand":1,"minecraft:skeleton_skull":2,"minecraft:cobblestone":17,"born_in_chaos_v1:corpse_maggot":3,"minecraft:cooked_beef":1,"minecraft:mud_bricks":4,"minecraft:jungle_log":5,"minecraft:cut_sandstone":6,"minecraft:oak_log":6,"minecraft:gunpowder":2,"minecraft:orange_terracotta":2,"minecraft:bone":113,"chococraft:gysahl_green":44,"minecraft:wheat_seeds":3,"minecraft:rabbit":2,"minecraft:oak_planks":1,"born_in_chaos_v1:ethereal_spirit":2,"vampirism:crucifix_normal":1,"minecraft:sand":4,"minecraft:jungle_planks":16,"chococraft:gysahl_green_seeds":24,"minecraft:cyan_bed":1,"minecraft:spruce_log":2,"minecraft:dark_oak_log":1,"minecraft:blue_terracotta":1,"minecraft:emerald":4,"minecraft:coal":2},"minecraft:killed":{"born_in_chaos_v1:skeleton_demoman":1,"born_in_chaos_v1:zombie_bruiser":2,"minecraft:silverfish":2,"iceandfire:deathworm":1,"born_in_chaos_v1:spirit_guide":1,"alexsmobs:guster":2,"born_in_chaos_v1:spirit_guide_assistant":3,"born_in_chaos_v1:decrepit_skeleton":2,"vampirism:hunter":1,"iceandfire:ghost":3,"minecraft:zombie":1,"born_in_chaos_v1:corpse_fly":1},"minecraft:used":{"quark:birch_chest":1,"born_in_chaos_v1:ethereal_spirit":2,"minecraft:shield":12,"minecraft:iron_sword":62,"minecraft:creeper_head":2,"minecraft:iron_chestplate":1,"better_weaponry:emerald_axe":28,"minecraft:carrot":3,"born_in_chaos_v1:corpse_maggot":2,"minecraft:wooden_axe":26,"minecraft:dark_oak_planks":4,"minecraft:furnace":1,"tombstone:gift":3,"minecraft:skeleton_skull":1,"biomesoplenty:black_sand":1,"minecraft:water_bucket":31,"minecraft:oak_planks":1,"minecraft:ender_pearl":2,"minecraft:wooden_pickaxe":45,"minecraft:sandstone":16,"minecraft:cut_sandstone":6,"iceandfire:armor_silver_metal_boots":1,"minecraft:glow_berries":8,"minecraft:sand":4,"minecraft:tnt":8,"tombstone:scroll_of_feather_fall":1,"minecraft:crafting_table":7,"chococraft:gysahl_green_seeds":8,"minecraft:melon_slice":1,"minecraft:bread":15,"better_weaponry:emerald_pickaxe":31,"minecraft:cobblestone":1,"minecraft:cooked_rabbit":2,"minecraft:bucket":32,"chococraft:gysahl_green":23,"minecraft:oak_boat":1,"alexsmobs:animal_dictionary":1,"minecraft:coarse_dirt":1,"alexsmobs:emu_egg":2},"minecraft:custom":{"minecraft:interact_with_smithing_table":1,"minecraft:interact_with_anvil":1,"minecraft:mob_kills":22,"minecraft:interact_with_crafting_table":18,"minecraft:open_barrel":10,"minecraft:damage_dealt_resisted":108,"minecraft:leave_game":2,"minecraft:time_since_death":15494,"minecraft:climb_one_cm":9930,"minecraft:sprint_one_cm":175244,"minecraft:walk_one_cm":270663,"minecraft:damage_blocked_by_shield":450,"minecraft:drop":55,"minecraft:talked_to_villager":8,"minecraft:play_time":86288,"minecraft:deaths":8,"minecraft:sneak_time":1202,"minecraft:walk_under_water_one_cm":21058,"minecraft:boat_one_cm":133071,"minecraft:jump":1584,"minecraft:walk_on_water_one_cm":11405,"minecraft:total_world_time":86288,"minecraft:interact_with_furnace":4,"minecraft:interact_with_cartography_table":3,"minecraft:interact_with_grindstone":1,"minecraft:sleep_in_bed":3,"minecraft:time_since_rest":12993,"minecraft:waystone_activated":1,"minecraft:damage_taken":3338,"minecraft:trigger_trapped_chest":8,"minecraft:damage_dealt":5188,"minecraft:swim_one_cm":3059,"minecraft:fly_one_cm":435256,"minecraft:open_chest":40,"minecraft:crouch_one_cm":4386,"tombstone:undead_killed":13,"minecraft:fall_one_cm":39892},"minecraft:crafted":{"minecraft:oak_planks":24,"minecraft:furnace":1,"better_weaponry:emerald_axe":1,"iceandfire:armor_silver_metal_boots":1,"minecraft:dark_oak_planks":4,"minecraft:cooked_rabbit":2,"minecraft:wheat":189,"minecraft:crafting_table":2,"minecraft:wooden_pickaxe":1,"minecraft:bucket":1,"better_weaponry:emerald_pickaxe":1,"minecraft:bread":63,"minecraft:air":0,"minecraft:jungle_planks":20,"minecraft:iron_chestplate":1,"minecraft:shield":1,"minecraft:stick":8,"minecraft:iron_ingot":1,"minecraft:wooden_axe":1}},"DataVersion":3465}