{"stats":{"minecraft:killed_by":{"minecraft:player":2,"born_in_chaos_v1:nightmare_stalker":1,"born_in_chaos_v1:siamese_skeletons":1,"born_in_chaos_v1:zombie_bruiser":1,"born_in_chaos_v1:corpse_fly":1,"born_in_chaos_v1:fallen_chaos_knight":1},"minecraft:mined":{"biomesoplenty:mossy_black_sand":4,"minecraft:cut_sandstone":6,"minecraft:orange_terracotta":3,"biomesoplenty:black_sand":3,"minecraft:smooth_sandstone":1,"minecraft:crafting_table":1,"biomesoplenty:black_sandstone":5,"minecraft:spruce_fence":1,"minecraft:jungle_log":2,"minecraft:dead_bush":1,"biomesoplenty:sprout":1,"biomesoplenty:dead_grass":1,"minecraft:oak_planks":1,"minecraft:sandstone":29,"minecraft:blue_terracotta":2,"minecraft:cobblestone_wall":1,"minecraft:chiseled_sandstone":1,"minecraft:spruce_log":3,"minecraft:yellow_bed":3,"minecraft:vine":2,"minecraft:sand":3,"minecraft:oak_leaves":2},"minecraft:dropped":{"minecraft:enchanted_book":1,"minecraft:creeper_head":1,"vampirism:armor_of_swiftness_legs_ultimate":1,"tombstone:grave_dust":1},"minecraft:picked_up":{"sophisticatedbackpacks:gold_backpack":1,"biomesoplenty:black_sandstone":5,"born_in_chaos_v1:corpse_maggot":4,"minecraft:wheat":14,"minecraft:creeper_head":1,"minecraft:flower_pot":3,"minecraft:jungle_log":14,"minecraft:cut_sandstone":6,"minecraft:lead":2,"minecraft:gold_block":1,"minecraft:enchanted_book":2,"minecraft:brick":2,"vampirism:armor_of_swiftness_legs_ultimate":2,"minecraft:yellow_bed":3,"minecraft:cobblestone_wall":1,"vampirism:holy_water_bottle_normal":2,"minecraft:name_tag":1,"minecraft:orange_terracotta":2,"minecraft:smooth_sandstone":1,"minecraft:beetroot":8,"vampirism:obi_belt":1,"minecraft:stone_bricks":1,"minecraft:detector_rail":3,"minecraft:gold_nugget":72,"biomesoplenty:black_sand":7,"alexsmobs:banana":1,"minecraft:iron_ingot":5,"minecraft:oak_boat":2,"minecraft:poppy":1,"minecraft:jungle_sapling":1,"minecraft:iron_pickaxe":1,"minecraft:lectern":2,"minecraft:melon_slice":11,"vampirism:holy_water_bottle_ultimate":1,"minecraft:iron_sword":1,"minecraft:oak_planks":1,"minecraft:book":2,"minecraft:stick":11,"minecraft:sandstone":27,"vampirism:ring":1,"minecraft:spruce_fence":1,"vampirism:holy_water_bottle_enhanced":2,"vampirism:amulet":1,"minecraft:spruce_log":3,"minecraft:chiseled_sandstone":1,"divine_weaponry:wooden_battleaxe":2,"minecraft:cactus":1,"minecraft:blue_terracotta":2,"minecraft:tropical_fish":2,"farmersdelight:rope":34,"alexsmobs:emu_egg":1,"minecraft:spruce_sign":4,"minecraft:emerald":12,"minecraft:bread":7,"minecraft:skeleton_skull":1,"vampirism:heart_seeker_enhanced":1},"minecraft:used":{"alexsmobs:emu_egg":1,"tombstone:scroll_of_knowledge":2,"minecraft:sandstone":22,"minecraft:wooden_pickaxe":50,"minecraft:iron_sword":2,"minecraft:rotten_flesh":3,"supplementaries:bomb":2,"minecraft:jungle_planks":1,"divine_weaponry:wooden_battleaxe":3,"born_in_chaos_v1:corpse_maggot":1,"minecraft:bread":7,"minecraft:melon_slice":2,"alexsmobs:banana":1,"tombstone:gift":2,"minecraft:yellow_bed":2,"alexsmobs:animal_dictionary":8},"minecraft:custom":{"minecraft:interact_with_furnace":2,"minecraft:interact_with_crafting_table":5,"minecraft:open_barrel":1,"minecraft:leave_game":4,"minecraft:time_since_death":2345,"minecraft:sleep_in_bed":2,"minecraft:climb_one_cm":4438,"minecraft:time_since_rest":1,"minecraft:sprint_one_cm":180458,"minecraft:damage_taken":3023,"minecraft:walk_one_cm":168168,"minecraft:trigger_trapped_chest":1,"minecraft:drop":4,"minecraft:damage_dealt":596,"tombstone:cast_on_ally":0,"minecraft:swim_one_cm":4747,"minecraft:fly_one_cm":288520,"minecraft:open_chest":23,"minecraft:crouch_one_cm":5391,"minecraft:play_time":83920,"minecraft:deaths":9,"minecraft:sneak_time":3219,"minecraft:walk_under_water_one_cm":1811,"minecraft:boat_one_cm":136765,"minecraft:jump":1518,"minecraft:walk_on_water_one_cm":25848,"minecraft:total_world_time":83920,"minecraft:fall_one_cm":30854},"minecraft:crafted":{"minecraft:wooden_pickaxe":1,"minecraft:jungle_planks":56,"minecraft:stick":4}},"DataVersion":3465}