{"stats":{"minecraft:broken":{"divine_weaponry:wooden_battleaxe":1,"minecraft:wooden_pickaxe":1},"minecraft:killed_by":{"vampirism:advanced_vampire":1,"iceandfire:deathworm":1,"born_in_chaos_v1:nightmare_stalker":2,"born_in_chaos_v1:corpse_fly":1,"creeperoverhaul:cave_creeper":1,"minecraft:warden":2,"minecraft:skeleton":2,"minecraft:zombie":1,"iceandfire:fire_dragon":1},"minecraft:mined":{"minecraft:dark_oak_planks":1,"quark:azalea_log":7,"iceandfire:silver_ore":2,"immersive_weathering:earthen_clay":1,"minecraft:mossy_cobblestone":2,"minecraft:dark_oak_leaves":5,"quark:azalea_chest":2,"minecraft:cobblestone_stairs":1,"minecraft:dark_oak_log":5,"minecraft:granite":4,"vampirism:altar_pillar":3,"minecraft:spruce_trapdoor":1,"biomesoplenty:dead_leaves":3,"minecraft:chiseled_bookshelf":1,"biomesoplenty:bush":7,"minecraft:acacia_log":14,"minecraft:jungle_planks":1,"minecraft:jungle_log":1,"born_in_chaos_v1:gnawed_bones":3,"minecraft:sandstone":4,"born_in_chaos_v1:pile_of_skulls":1,"minecraft:spawner":1,"biomesoplenty:stripped_dead_log":1,"minecraft:hay_block":26,"vampirism:potion_table":1,"minecraft:iron_ore":38,"minecraft:andesite":1,"minecraft:anvil":1,"minecraft:deepslate_iron_ore":6,"chococraft:gysahl_green":10,"minecraft:bookshelf":10,"minecraft:vine":1,"vampirism:altar_infusion":2,"minecraft:lantern":1,"minecraft:stone":44,"minecraft:bone_block":17,"minecraft:smooth_sandstone":7,"minecraft:crafting_table":7,"minecraft:lectern":1,"minecraft:campfire":4,"minecraft:cobblestone":2,"biomesoplenty:sprout":10,"minecraft:lapis_ore":1,"minecraft:cyan_bed":1,"minecraft:sugar_cane":21,"minecraft:diorite":6,"supplementaries:urn":1,"minecraft:skeleton_skull":1,"minecraft:lime_bed":7,"minecraft:coarse_dirt":1,"minecraft:spruce_log":2,"minecraft:yellow_bed":1,"minecraft:grass":2,"biomesoplenty:dead_log":40,"minecraft:oak_log":10,"minecraft:sand":1,"minecraft:dirt":1,"minecraft:cobweb":1,"minecraft:spruce_fence_gate":1,"minecraft:deepslate":1,"create:crimsite":6,"immersive_weathering:dark_oak_leaf_pile":2,"minecraft:fern":11},"minecraft:dropped":{"better_weaponry:wooden_rapier":1,"biomesoplenty:dead_planks":64,"minecraft:cooked_beef":1,"minecraft:cobblestone":7,"immersive_weathering:biomesoplenty/dead_bark":1,"minecraft:book":1,"minecraft:granite":2,"create:crimsite":5,"minecraft:coal":1,"minecraft:tropical_fish":1,"minecraft:stick":5,"minecraft:item_frame":1,"minecraft:dirt":1,"born_in_chaos_v1:gnawed_bones":1,"minecraft:diorite":6,"vampirism:altar_pillar":2,"born_in_chaos_v1:monster_skin":2,"divine_weaponry:wooden_hammer":1,"minecraft:iron_leggings":1,"minecraft:jungle_sapling":1,"better_weaponry:stone_scythe":1,"minecraft:writable_book":1,"immersive_armors:wooden_chestplate":1,"minecraft:bone":7,"minecraft:creeper_head":1,"minecraft:cobbled_deepslate":1,"vampirism:obi_belt":1,"minecraft:rotten_flesh":15,"vampirism:blood_bottle":3,"minecraft:red_terracotta":7,"minecraft:carrot":1,"minecraft:lime_bed":5,"supplementaries:ash":2,"minecraft:potato":1,"minecraft:skeleton_skull":1,"vampirism:oil_bottle":2,"minecraft:charcoal":8,"biomesoplenty:wildflower":1,"born_in_chaos_v1:corpse_maggot":4,"minecraft:spider_eye":2,"vampirism:crucifix_normal":1,"minecraft:spruce_log":3,"minecraft:sandstone":2,"minecraft:bow":1,"minecraft:wooden_pickaxe":4,"born_in_chaos_v1:marigolds":4,"minecraft:lectern":3},"minecraft:picked_up":{"minecraft:charcoal":8,"minecraft:crafting_table":7,"minecraft:wheat":34,"minecraft:creeper_head":1,"minecraft:anvil":1,"minecraft:wooden_pickaxe":3,"alexsmobs:roadrunner_feather":1,"minecraft:gold_block":1,"quark:azalea_log":6,"minecraft:string":1,"minecraft:item_frame":1,"vampirism:obi_belt":1,"biomesoplenty:dead_sapling":4,"minecraft:cobbled_deepslate":5,"minecraft:beef":2,"born_in_chaos_v1:gnawed_bones":4,"minecraft:azalea":1,"minecraft:jungle_sapling":1,"minecraft:raw_iron":44,"minecraft:lectern":3,"biomesoplenty:wildflower":1,"minecraft:sugar_cane":42,"minecraft:furnace":1,"iceandfire:dragonbone":5,"minecraft:stick":9,"minecraft:sandstone":2,"immersive_weathering:biomesoplenty/dead_bark":1,"minecraft:torch":41,"minecraft:acacia_log":14,"tombstone:grave_dust":2,"minecraft:diorite":6,"minecraft:carrot":2,"minecraft:redstone":2,"minecraft:dark_oak_planks":1,"vampirism:blood_bottle":4,"minecraft:arrow":8,"minecraft:rotten_flesh":21,"quark:azalea_chest":2,"minecraft:hay_block":26,"minecraft:iron_block":2,"alexsmobs:emu_egg":1,"supplementaries:ash":2,"minecraft:rail":1,"minecraft:skeleton_skull":2,"minecraft:bone_block":17,"minecraft:cobblestone":51,"born_in_chaos_v1:fused_bone":2,"born_in_chaos_v1:corpse_maggot":6,"minecraft:lime_bed":10,"vampirism:vampire_blood_bottle":1,"born_in_chaos_v1:monster_flesh":2,"born_in_chaos_v1:spiritual_dust":2,"minecraft:glow_ink_sac":3,"minecraft:jungle_log":3,"minecraft:potato":1,"biomesoplenty:dead_log":40,"minecraft:oak_log":10,"minecraft:yellow_bed":1,"minecraft:cobblestone_stairs":1,"minecraft:lapis_lazuli":9,"minecraft:dirt":1,"minecraft:lantern":1,"born_in_chaos_v1:monster_skin":2,"born_in_chaos_v1:marigolds":4,"minecraft:smooth_sandstone":7,"minecraft:bone":16,"vampirism:human_heart":1,"chococraft:gysahl_green":19,"minecraft:bow":1,"chococraft:gold_gysahl":1,"minecraft:wheat_seeds":7,"vampirism:altar_pillar":2,"biomesoplenty:stripped_dead_log":1,"minecraft:iron_ingot":2,"better_weaponry:stone_scythe":1,"minecraft:oak_planks":3,"minecraft:flowering_azalea":2,"minecraft:book":35,"born_in_chaos_v1:orbofthe_summoner":1,"iceandfire:dragon_skull_fire":1,"minecraft:sand":4,"biomesoplenty:dead_planks":64,"vampirism:crucifix_normal":1,"minecraft:jungle_planks":1,"chococraft:gysahl_green_seeds":6,"minecraft:spruce_log":2,"vampirism:altar_infusion":1,"minecraft:cyan_bed":1,"minecraft:dark_oak_log":5,"minecraft:red_terracotta":7,"minecraft:spider_eye":2,"create:crimsite":5,"alexsmobs:guster_eye":1,"immersive_weathering:earthen_clay":1,"vampirism:oil_bottle":1,"minecraft:writable_book":1,"minecraft:granite":5,"minecraft:bone_meal":1,"minecraft:bread":17,"born_in_chaos_v1:rotten_fish":5,"minecraft:coal":1,"iceandfire:raw_silver":2},"minecraft:killed":{"vampirism:vampire":2,"vampirism:advanced_vampire":3,"minecraft:spider":2,"vampirism:blinding_bat":4,"born_in_chaos_v1:baby_skeleton_minion":1,"born_in_chaos_v1:siamese_skeletonsright":1,"born_in_chaos_v1:maggot":3,"minecraft:skeleton":2,"minecraft:drowned":2,"born_in_chaos_v1:corpse_fish":5,"born_in_chaos_v1:bonescaller":1,"minecraft:zombie_villager":1,"born_in_chaos_v1:baby_skeleton":2,"born_in_chaos_v1:spirit_guide_assistant":3,"born_in_chaos_v1:decrepit_skeleton":4,"vampirism:hunter":1,"minecraft:zombie":8,"born_in_chaos_v1:dread_hound":3,"born_in_chaos_v1:corpse_fly":8,"alexsmobs:roadrunner":1,"born_in_chaos_v1:door_knight":1,"born_in_chaos_v1:siamese_skeletonsleft":1,"minecraft:cow":2},"minecraft:used":{"alexsmobs:emu_egg":1,"vampirism:altar_infusion":1,"divine_weaponry:wooden_hammer":11,"better_weaponry:iron_shield":25,"minecraft:cooked_chicken":1,"minecraft:anvil":1,"minecraft:carrot":3,"minecraft:granite":3,"born_in_chaos_v1:corpse_maggot":5,"minecraft:dark_oak_planks":1,"minecraft:wooden_axe":52,"better_weaponry:emerald_rapier":148,"better_weaponry:wooden_rapier":51,"minecraft:furnace":5,"minecraft:cooked_cod":4,"tombstone:gift":2,"minecraft:cooked_beef":2,"minecraft:cobbled_deepslate":2,"minecraft:golden_axe":16,"minecraft:cooked_mutton":1,"minecraft:water_bucket":2,"better_weaponry:wooden_scythe":14,"minecraft:stone_pickaxe":37,"minecraft:oak_planks":3,"minecraft:baked_potato":3,"minecraft:wooden_pickaxe":56,"better_weaponry:stone_scythe":25,"vampirism:human_heart":1,"minecraft:glow_berries":3,"minecraft:crafting_table":10,"minecraft:lime_bed":4,"minecraft:crossbow":1,"biomesoplenty:dead_planks":14,"divine_weaponry:wooden_battleaxe":80,"minecraft:iron_pickaxe":76,"quark:azalea_chest":4,"born_in_chaos_v1:monster_flesh":1,"minecraft:bread":16,"minecraft:cyan_bed":1,"born_in_chaos_v1:rotten_fish":2,"minecraft:cooked_porkchop":1,"minecraft:bucket":2,"minecraft:yellow_bed":2,"chococraft:gysahl_green":12},"minecraft:custom":{"minecraft:interact_with_anvil":1,"minecraft:mob_kills":61,"minecraft:interact_with_crafting_table":44,"minecraft:open_barrel":4,"minecraft:damage_dealt_resisted":414,"minecraft:leave_game":6,"minecraft:time_since_death":11750,"vampirism:interact_alchemical_cauldron":1,"minecraft:climb_one_cm":3157,"minecraft:sprint_one_cm":540368,"minecraft:walk_one_cm":269407,"minecraft:damage_blocked_by_shield":1585,"minecraft:drop":86,"minecraft:talked_to_villager":2,"minecraft:play_time":124911,"minecraft:sneak_time":956,"minecraft:deaths":13,"minecraft:walk_under_water_one_cm":11119,"minecraft:interact_with_lectern":1,"tombstone:tomb_raiding":1,"minecraft:jump":2086,"minecraft:walk_on_water_one_cm":24539,"minecraft:total_world_time":124911,"vampirism:blood_drunk":2000,"minecraft:interact_with_furnace":31,"minecraft:sleep_in_bed":1,"minecraft:time_since_rest":10681,"minecraft:damage_taken":5586,"minecraft:trigger_trapped_chest":3,"minecraft:damage_dealt":12639,"minecraft:swim_one_cm":29274,"minecraft:fly_one_cm":392272,"minecraft:player_kills":2,"minecraft:open_chest":31,"minecraft:crouch_one_cm":1329,"tombstone:undead_killed":27,"minecraft:fall_one_cm":53258},"minecraft:crafted":{"minecraft:oak_planks":40,"divine_weaponry:wooden_hammer":2,"minecraft:cooked_chicken":1,"better_weaponry:iron_shield":1,"minecraft:furnace":4,"better_weaponry:stone_scythe":1,"quark:azalea_chest":2,"better_weaponry:wooden_rapier":1,"immersive_armors:wooden_chestplate":1,"minecraft:cooked_mutton":1,"minecraft:iron_boots":1,"better_weaponry:emerald_armor_chestplate":1,"minecraft:stone_pickaxe":1,"minecraft:dark_oak_planks":12,"minecraft:golden_helmet":1,"better_weaponry:emerald_rapier":1,"quark:azalea_planks":24,"minecraft:cooked_beef":3,"minecraft:golden_axe":1,"minecraft:cooked_cod":4,"biomesoplenty:dead_planks":164,"minecraft:wooden_shovel":1,"minecraft:cooked_porkchop":1,"better_weaponry:wooden_scythe":1,"minecraft:crafting_table":3,"minecraft:spruce_planks":8,"minecraft:wooden_pickaxe":1,"minecraft:baked_potato":3,"minecraft:air":0,"minecraft:jungle_planks":12,"minecraft:stick":32,"minecraft:iron_ingot":52,"minecraft:wooden_axe":1,"minecraft:gold_ingot":9,"minecraft:iron_leggings":2,"divine_weaponry:wooden_battleaxe":2}},"DataVersion":3465}