{"stats":{"minecraft:killed_by":{"born_in_chaos_v1:nightmare_stalker":1,"minecraft:skeleton":1,"born_in_chaos_v1:zombie_bruiser":1},"minecraft:mined":{"minecraft:cactus":4,"biomesoplenty:desert_grass":1,"vampirism:tent":1,"vampirism:altar_pillar":8,"minecraft:jungle_planks":5,"minecraft:grass":2,"biomesoplenty:dead_log":7,"chococraft:gysahl_green":3,"minecraft:poppy":1,"minecraft:dead_bush":3,"supplementaries:wild_flax":1,"iceandfire:fire_lily":2,"immersive_weathering:biomesoplenty/dead_leaf_pile":3,"biomesoplenty:wilted_lily":1,"farmersdelight:wild_tomatoes":16,"biomesoplenty:dead_grass":1,"minecraft:cartography_table":1,"minecraft:sugar_cane":69,"minecraft:wall_torch":2,"vampirism:altar_tip":4},"minecraft:picked_up":{"minecraft:stick":4,"minecraft:sandstone":5,"vampirism:item_tent":1,"iceandfire:fire_lily":2,"minecraft:torch":2,"biomesoplenty:dead_log":7,"biomesoplenty:wilted_lily":1,"minecraft:jungle_planks":5,"farmersdelight:tomato_seeds":16,"chococraft:gysahl_green_seeds":3,"supplementaries:flax_seeds":1,"tombstone:grave_dust":2,"vampirism:altar_infusion":1,"farmersdelight:tomato":2,"minecraft:orange_terracotta":2,"minecraft:rotten_flesh":4,"minecraft:bone":3,"minecraft:cactus":4,"chococraft:gysahl_green":4,"minecraft:apple":1,"minecraft:stone_bricks":2,"minecraft:cartography_table":1,"biomesoplenty:black_sand":11,"vampirism:altar_tip":4,"biomesoplenty:dead_sapling":1,"minecraft:wheat_seeds":1,"vampirism:altar_pillar":8,"minecraft:iron_block":1,"minecraft:poppy":2,"minecraft:sugar_cane":153},"minecraft:dropped":{"minecraft:poppy":2},"minecraft:killed":{"vampirism:vampire":1,"born_in_chaos_v1:baby_skeleton":1,"born_in_chaos_v1:decrepit_skeleton":1},"minecraft:used":{"biomesoplenty:black_sand":11,"minecraft:crafting_table":1,"tombstone:gift":4,"alexsmobs:animal_dictionary":5,"minecraft:orange_terracotta":1},"minecraft:custom":{"minecraft:time_since_rest":8301,"minecraft:sprint_one_cm":84916,"minecraft:damage_taken":1081,"minecraft:walk_one_cm":162051,"minecraft:trigger_trapped_chest":1,"minecraft:mob_kills":3,"minecraft:drop":2,"minecraft:damage_dealt":978,"minecraft:interact_with_crafting_table":1,"minecraft:interact_with_cartography_table":1,"minecraft:swim_one_cm":17975,"minecraft:fly_one_cm":53740,"minecraft:open_barrel":1,"minecraft:open_chest":4,"minecraft:crouch_one_cm":1772,"minecraft:play_time":43200,"tombstone:undead_killed":2,"minecraft:deaths":3,"minecraft:sneak_time":2858,"minecraft:walk_under_water_one_cm":1805,"minecraft:damage_dealt_resisted":235,"minecraft:jump":295,"minecraft:leave_game":1,"minecraft:time_since_death":9016,"minecraft:walk_on_water_one_cm":9570,"minecraft:total_world_time":43200,"minecraft:fall_one_cm":5770},"minecraft:crafted":{"biomesoplenty:dead_planks":28,"minecraft:crafting_table":1}},"DataVersion":3465}